regelungen,﻿trafficbestimmungen,﻿trafficregeln,﻿trafficvorschriften,﻿trafficverordnungen,﻿trafficregelungen,﻿trafficregelungen,﻿trafficregelungen,﻿trafficregelungen,﻿trafficregelungen
acts,handlungenvon,rechtsaktevom,actsder,actsder,actsder,actsder,actsder,actsder,actsder
akustischen,akustischespektrum,akustikfrequenzen,akustischenfrequenzen,akustischenfrequenzen,akustischenfrequenzen,akustischenfrequenzen,akustischenfrequenzen,akustischenfrequenzen,akustischenfrequenzen
übernahme,erwerbvon,akquisitionvom,übernahmeder,übernahmeder,übernahmeder,übernahmeder,übernahmeder,übernahmeder,übernahmeder
anpassung,anpassungvon,anpassungvom,anpassungder,anpassungder,anpassungder,anpassungder,anpassungder,anpassungder,anpassungder
zusätzliches,zusätzlichstrafen,zusätzlichensanktion,zusätzlichegeldstrafe,zusätzlichesstrafe,zusätzlichestodesstrafe,zusätzlichestodesstrafe,zusätzlichestodesstrafe,zusätzlichestodesstrafe,zusätzlichestodesstrafe
zusätzliches,zusätzlichpremium,zusätzlichenaufschlag,zusätzlicheprämie,zusätzlichesprämie,zusätzlichesprämie,zusätzlichesprämie,zusätzlichesprämie,zusätzlichesprämie,zusätzlichesprämie
werbeanzeige,werbeanzeigehoc,werbeanzeigehoc,werbeanzeigehoc,werbeanzeigehoc,werbeanzeigehoc,werbeanzeigehoc,werbeanzeigehoc,werbeanzeigehoc,werbeanzeigehoc
vertagung,unterbrechungvon,vertagungvom,vertagungder,vertagungder,vertagungder,vertagungder,vertagungder,vertagungder,vertagungder
nachfolgend,nachstehend,nachfolgend,nachfolgend,nachfolgend,nachfolgend,nachfolgend,nachfolgend,nachfolgend,nachfolgend
verkleidung,panelvorstand,verkleidungboard,verkleidungverpflegung,verkleidungaufsichtsrat,verkleidungverwaltungsrat,verkleidungverwaltungsrat,verkleidungverwaltungsrat,verkleidungverwaltungsrat,verkleidungverwaltungsrat
verkleidung,panelvon,verkleidungvom,verkleidungder,verkleidungder,verkleidungder,verkleidungder,verkleidungder,verkleidungder,verkleidungder
harten,hartklimawandel,rauenklima,harteklima,hartenklima,hartenklima,hartenklima,hartenklima,hartenklima,hartenklima
erhöht,gestiegenkonsum,erhöhteverzehr,erhöhtverbrauchs,erhöhtverbrauch,erhöhtverbrauch,erhöhtverbrauch,erhöhtverbrauch,erhöhtverbrauch,erhöhtverbrauch
spindel,form,spindelformgebung,spindelformgebung,spindelformgebung,spindelform,spindelformgebung,spindelformgebung,spindelformgebung,spindelformgebung
geist,spiritfotografieren,geistesfotografien,geistfotografie,geistfotografie,geistfotografie,geistfotografie,geistfotografie,geistfotografie,geistfotografie
spider-legged,spider-legged,spider-legged,spider-legged,spider-legged,spider-legged,spider-legged,spider-legged,spider-legged,spider-legged
sphärische,sphärischesymmetrie,sphärischesymmetrie,sphärischesymmetrie,sphärischesymmetrie,sphärischesymmetrie,sphärischesymmetrie,sphärischesymmetrie,sphärischesymmetrie,sphärischesymmetrie
zauberspruch,rechtschreibungverifizierung,zauberüberprüfung,spruchverifikation,zauberspruchnachprüfung,zauberspruchnachprüfung,zauberspruchnachprüfung,zauberspruchnachprüfung,zauberspruchnachprüfung,zauberspruchnachprüfung
geschwindigkeit,drehzahlvon,schnelligkeitvom,speedder,geschwindigkeitder,geschwindigkeitder,geschwindigkeitder,geschwindigkeitder,geschwindigkeitder,geschwindigkeitder
reporterin,speech-to-textjournalist,speech-to-textjournalistin,speech-to-textreporter,speech-to-textreporterin,speech-to-textreporterin,speech-to-textreporterin,speech-to-textreporterin,speech-to-textreporterin,speech-to-textreporterin
spekulative,spekulationankauf,spekulativenkauf,spekulativekaufen,spekulativekaufen,spekulativekaufen,spekulativekaufen,spekulativekaufen,spekulativekaufen,spekulativekaufen
spektrale,spektralebandbreiten,spektralebandbreite,spektralebandbreite,spektralebandbreite,spektralebandbreite,spektralebandbreite,spektralebandbreite,spektralebandbreite,spektralebandbreite
zuschauer,magneten,magnete,zuschauermagneten,zuschauermagnete,zuschauermagnet,zuschauermagnet,zuschauermagnet,zuschauermagnet,zuschauermagnet
montage,montierenbalken,befestigungbar,einbaubar,einbindenbar,montagebar,montagebar,montagebar,montagebar,montagebar
berge,bergspitze,gebirgeoberteil,bergweltoben,bergeoberseite,bergetop,bergetop,bergetop,bergetop,bergetop
formen,formmakel,formenfleck,formenfleck,formenfleck,formenfleck,formenfleck,formenfleck,formenfleck,formenfleck
grafik,graphikdruckerei,grafikendrucker,graphikendruckereien,grafikdruckereien,grafikdruckereien,grafikdruckereien,grafikdruckereien,grafikdruckereien,grafikdruckereien
rebsorte,traubesaft,traubenfruchtsaft,traubensaftsäfte,rebsortenjuice,rebsorteorangensaft,rebsorteorangensaft,rebsorteorangensaft,rebsorteorangensaft,rebsorteorangensaft
granit,granitschritten,granitschritte,granitsentufen,granittreppe,granittreppe,granittreppe,granittreppe,granittreppe,granittreppe
grand,grandslam,grandslam,grandslam,grandslam,grandslam,grandslam,grandslam,grandslam,grandslam
grammatikalische,grammatikirrtum,grammatikalischefehler,grammatikalischefehler,grammatikalischefehler,grammatikalischefehler,grammatikalischefehler,grammatikalischefehler,grammatikalischefehler,grammatikalischefehler
squad,raidingkader,raidingeinheit,raidingsquad,raidingsquad,raidingsquad,raidingsquad,raidingsquad,raidingsquad,raidingsquad
radix,radixschreibweise,radixnotation,radixnotation,radixnotation,radixnotation,radixnotation,radixnotation,radixnotation,radixnotation
radium,radiuminhalten,radiuminhalte,radiumhalt,radiuminhalt,radiuminhalt,radiuminhalt,radiuminhalt,radiuminhalt,radiuminhalt
spule,teslaspulen,teslaspule,teslaspule,teslaspule,teslaspule,teslaspule,teslaspule,teslaspule,teslaspule
terror,schreckenbundesland,terrorzustand,terrormitgliedstaat,terrorbundesstaat,terrorstaat,terrorstaat,terrorstaat,terrorstaat,terrorstaat
formel,half-anglerezeptur,half-angleformeln,half-angleformel,half-angleformel,half-angleformel,half-angleformel,half-angleformel,half-angleformel,half-angleformel
schaufenster,half-dropfenster,half-dropschaufenster,half-dropschaufenster,half-dropschaufenster,half-dropschaufenster,half-dropschaufenster,half-dropschaufenster,half-dropschaufenster,half-dropschaufenster
übergabe,übergabevon,übergabevom,übergabeder,übergabeder,übergabeder,übergabeder,übergabeder,übergabeder,übergabeder
hersteller,handsethersteller,handsethersteller,handsethersteller,handsethersteller,handsethersteller,handsethersteller,handsethersteller,handsethersteller,handsethersteller
haltung,happy-go-luckyeinstellung,happy-go-luckyhaltung,happy-go-luckyhaltung,happy-go-luckyhaltung,happy-go-luckyhaltung,happy-go-luckyhaltung,happy-go-luckyhaltung,happy-go-luckyhaltung,happy-go-luckyhaltung
haltung,head-in-the-sandeinstellung,head-in-the-sandhaltung,head-in-the-sandhaltung,head-in-the-sandhaltung,head-in-the-sandhaltung,head-in-the-sandhaltung,head-in-the-sandhaltung,head-in-the-sandhaltung,head-in-the-sandhaltung
rat,head-of-statecouncil,head-of-staterat,head-of-staterat,head-of-staterat,head-of-staterat,head-of-staterat,head-of-staterat,head-of-staterat,head-of-staterat
head,kopfvon,leitervom,hauptder,headder,headder,headder,headder,headder,headder
heilung,heilendewaters,heilengewässern,heilunggewässer,heilungwasser,heilungwasser,heilungwasser,heilungwasser,heilungwasser,heilungwasser
gesundheit,gesundheitswesenbewertung,gesundheitsschutzassessment,gesundheitbeurteilung,gesundheitwürdigung,gesundheitwürdigung,gesundheitwürdigung,gesundheitwürdigung,gesundheitwürdigung,gesundheitwürdigung
anhörung,hörenvon,gehörvom,anhörungder,anhörungder,anhörungder,anhörungder,anhörungder,anhörungder,anhörungder
herz,herzensblockieren,herzenblock,heartsperren,herzsperren,herzsperren,herzsperren,herzsperren,herzsperren,herzsperren
heizung,heizungaktuellen,heizungaktuelle,heizungaktueller,heizungaktuelles,heizungaktuell,heizungaktuell,heizungaktuell,heizungaktuell,heizungaktuell
himmlische,himmlischleistung,himmlischenstromversorgung,himmlischekraft,himmlischeenergie,himmlischemacht,himmlischemacht,himmlischemacht,himmlischemacht,himmlischemacht
bearbeitung,heavy-dutybearbeitungen,heavy-dutymetallbearbeitung,heavy-dutybearbeitung,heavy-dutybearbeitung,heavy-dutybearbeitung,heavy-dutybearbeitung,heavy-dutybearbeitung,heavy-dutybearbeitung,heavy-dutybearbeitung
schiebe,height-adjustablerutschen,height-adjustablegleiten,height-adjustableschiebe,height-adjustableschiebe,height-adjustableschiebe,height-adjustableschiebe,height-adjustableschiebe,height-adjustableschiebe,height-adjustableschiebe
helikopter,hubschrauberverkehr,helikoptertraffic,helikopterdatenverkehr,helikopterverkehrs,helikopterverkehrs,helikopterverkehrs,helikopterverkehrs,helikopterverkehrs,helikopterverkehrs
heraldischen,heraldischenvögel,heraldischenvogel,heraldischenbird,heraldischenvogelarten,heraldischenvogelarten,heraldischenvogelarten,heraldischenvogelarten,heraldischenvogelarten,heraldischenvogelarten
herde,bestandverhalten,herdenverhaltensweisen,herdverhaltens,herdeverhaltens,herdeverhaltens,herdeverhaltens,herdeverhaltens,herdeverhaltens,herdeverhaltens
herde,bestandvon,herdenvom,herdder,herdeder,herdeder,herdeder,herdeder,herdeder,herdeder
erblichen,vererbtbaugewerbe,erblichenbauen,erblichengebäude,erblichenbauwesen,erblichenbauwesen,erblichenbauwesen,erblichenbauwesen,erblichenbauwesen,erblichenbauwesen
fragen,naggingfragen,naggingfragen,naggingfragen,naggingfragen,naggingfragen,naggingfragen,naggingfragen,naggingfragen,naggingfragen
fingernägel,nagelpflege,nägelcare,fingernägelbetreuung,fingernägelbetreuung,fingernägelbetreuung,fingernägelbetreuung,fingernägelbetreuung,fingernägelbetreuung,fingernägelbetreuung
naiv,naivbewertung,naivassessment,naivbeurteilung,naivwürdigung,naivwürdigung,naivwürdigung,naivwürdigung,naivwürdigung,naivwürdigung
namenlosen,namenlosenschriftsteller,namenlosenverfasser,namenlosenautorin,namenlosenautoren,namenlosenautor,namenlosenautor,namenlosenautor,namenlosenautor,namenlosenautor
erzählungen,erzählungdiskurs,erzählungendiskurs,erzählungendiskurs,erzählungendiskurs,erzählungendiskurs,erzählungendiskurs,erzählungendiskurs,erzählungendiskurs,erzählungendiskurs
schmalen,engcircle,schmalekreise,engefreundeskreis,engenzirkel,schmalkreis,schmalenkreis,schmalenkreis,schmalenkreis,schmalenkreis
nationaler,nationalefluglinien,nationalenfluggesellschaft,nationalfluglinie,nationalerairline,nationalerfluggesellschaften,nationalerfluggesellschaften,nationalerfluggesellschaften,nationalerfluggesellschaften,nationalerfluggesellschaften
nationaler,nationalenationalhymne,nationalenhymne,nationalhymne,nationalerhymne,nationalerhymne,nationalerhymne,nationalerhymne,nationalerhymne,nationalerhymne
natürlichen,natürlicheskrisen,natürlicherwirtschaftskrise,natürlichekrisenmanagement,natürlichenkrise,natürlichenkrise,natürlichenkrise,natürlichenkrise,natürlichenkrise,natürlichenkrise
natürlichen,natürlichessprachen,natürlichersprache,natürlicheamtssprache,natürlichenamtssprache,natürlichenamtssprache,natürlichenamtssprache,natürlichenamtssprache,natürlichenamtssprache,natürlichenamtssprache
naval,navalair,navalair,navalair,navalair,navalair,navalair,navalair,navalair,navalair
schiffahrt,navigierensatellit,navigationsatellitenfernsehen,schifffahrtsatelliten,navigationssystemsatellite,schiffahrtsatellite,schiffahrtsatellite,schiffahrtsatellite,schiffahrtsatellite,schiffahrtsatellite
spezifikationen,near-visionspezifikationen,near-visionspezifikationen,near-visionspezifikationen,near-visionspezifikationen,near-visionspezifikationen,near-visionspezifikationen,near-visionspezifikationen,near-visionspezifikationen,near-visionspezifikationen
nahe,näheortschaft,nahestadt,nahestadt,nahestadt,nahestadt,nahestadt,nahestadt,nahestadt,nahestadt
näher,näherder,näherdem,näherden,näherdas,näherder,näherdie,näherdas,näherdie,näherdie
gepflegtes,puranmerkung,ordentlichbemerkung,gepflegtesbemerkungen,gepflegtesbemerkungen,gepflegtesbemerkungen,gepflegtesbemerkungen,gepflegtesbemerkungen,gepflegtesbemerkungen,gepflegtesbemerkungen
notwendige,erforderlichund,notwendigsowie,nötigsowie,notwendigesowie,notwendigesowie,notwendigesowie,notwendigesowie,notwendigesowie,notwendigesowie
hals,genickunentschieden,nackenbinden,halstie,halskrawatte,halskrawatte,halskrawatte,halskrawatte,halskrawatte,halskrawatte
bedarf,benötigenfür,benötigtfür,brauchenfür,brauchfür,bedarffür,bedarffür,bedarffür,bedarffür,bedarffür
negativen,artikel,negativerartikel,negativeartikel,negativeartikel,negativenartikel,negativenartikel,negativenartikel,negativenartikel,negativenartikel
fahrlässig,nachlässiginvestition,fahrlässiginvestitionen,fahrlässiginvestitionskosten,fahrlässigkapitalanlagen,fahrlässigkapitalanlagen,fahrlässigkapitalanlagen,fahrlässigkapitalanlagen,fahrlässigkapitalanlagen,fahrlässigkapitalanlagen
verhandlung,verhandlungenausschüsse,verhandelnausschuß,verhandlungkomitee,verhandlungausschuss,verhandlungausschuss,verhandlungausschuss,verhandlungausschuss,verhandlungausschuss,verhandlungausschuss
benachbarten,benachbarteferienwohnung,nachbarstaatenwohnung,benachbartenferienwohnungen,benachbartenferienwohnungen,benachbartenferienwohnungen,benachbartenferienwohnungen,benachbartenferienwohnungen,benachbartenferienwohnungen,benachbartenferienwohnungen
neon,neonschlauch,neonröhre,neontube,neontube,neontube,neontube,neontube,neontube,neontube
net,netzvermögen,nettoaktiva,netvermögenswerte,netvermögenswerte,netvermögenswerte,netvermögenswerte,netvermögenswerte,netvermögenswerte,netvermögenswerte
netzwerk,streckennetzzugang,netzwerkezugriff,netzzutritt,netzwerkzufahrt,netzwerkzufahrt,netzwerkzufahrt,netzwerkzufahrt,netzwerkzufahrt,netzwerkzufahrt
vernetzung,netzwerkin,netzwerkenim,netzwerkebei,vernetzungbei,vernetzungbei,vernetzungbei,vernetzungbei,vernetzungbei,vernetzungbei
für,neuralrohrstreckennetz,neuralnetzwerke,neuralnetz,fürnetzwerk,fürnetzwerk,fürnetzwerk,fürnetzwerk,fürnetzwerk,fürnetzwerk
neuer,neueauto,neuwagen,neuenpkw,neuesautovermietung,neuermietwagen,neuermietwagen,neuermietwagen,neuermietwagen,neuermietwagen
zeitungen,tageszeitungsäulen,zeitungspalte,zeitungenstützen,zeitungenspalten,zeitungenspalten,zeitungenspalten,zeitungenspalten,zeitungenspalten,zeitungenspalten
einen,einsminute's,einerminute's,eineminute's,einminute's,eineminute's,einenminute's,einenminute's,einenminute's,einenminute's
einen,einsweg,einerway,eineweise,einweise,eineweise,einenweise,einenweise,einenweise,einenweise
online,onlinedatenschutz,onlinedaten,onlineangaben,onlineangaben,onlineangaben,onlineangaben,onlineangaben,onlineangaben,onlineangaben
einzige,einzigheute,lediglichheutigen,einzigenheutige,nurheutige,einzigeheutige,einzigeheutige,einzigeheutige,einzigeheutige,einzigeheutige
quad,quadkabelfernsehen,quadcable,quadseilbahn,quadkabel,quadkabel,quadkabel,quadkabel,quadkabel,quadkabel
quadranten,quadrantenenteiler,quadrantenenteiler,quadrantenenteiler,quadrantenenteiler,quadranten,quadrantenteiler,quadrantenteiler,quadrantenteiler,quadrantenteiler
vierfache,vierfachezimmer,vierfachehotelzimmer,vierfacheraum,vierfacheraum,vierfacheraum,vierfacheraum,vierfacheraum,vierfacheraum,vierfacheraum
qualifizierter,qualifiziertenelektriker,qualifizierteelektriker,qualifiziertelektriker,qualifizierterelektriker,qualifizierterelektriker,qualifizierterelektriker,qualifizierterelektriker,qualifizierterelektriker,qualifizierterelektriker
eitel,eitelkeitrückspiegel,eitelspiegeln,eitelspiegel,eitelmirror,eitelspiegelbild,eitelspiegelbild,eitelspiegelbild,eitelspiegelbild,eitelspiegelbild
dampf,wasserdampfdichte,dampfbevölkerungsdichte,dampfbevölkerungsdichte,dampfbevölkerungsdichte,dampfbevölkerungsdichte,dampfbevölkerungsdichte,dampfbevölkerungsdichte,dampfbevölkerungsdichte,dampfbevölkerungsdichte
van,vander,vanvon,vanfolgen,vansowie,vander,vanweg,vanweg,vanweg,vanweg
vanille,vanillebean,vanillebohne,vanillebohnen,vanillebohnen,vanillebohnen,vanillebohnen,vanillebohnen,vanillebohnen,vanillebohnen
unverarbeitet,unverarbeitetmaterial,unverarbeitetwerkstoffe,unverarbeitetwerkstoff,unverarbeitetmaterialien,unverarbeitetmaterialien,unverarbeitetmaterialien,unverarbeitetmaterialien,unverarbeitetmaterialien,unverarbeitetmaterialien
unnötige,unnötigenunkosten,unnötigaufwendungen,überflüssigaufwand,unnötigekosten,unnötigekosten,unnötigekosten,unnötigekosten,unnötigekosten,unnötigekosten
unnötige,unnötigennutzung,unnötigauslastung,überflüssigverwendung,unnötigeverwendung,unnötigeverwendung,unnötigeverwendung,unnötigeverwendung,unnötigeverwendung,unnötigeverwendung
bergauf,bergaufkampf,bergaufschlacht,bergaufgefecht,bergaufbattle,bergaufbattle,bergaufbattle,bergaufbattle,bergaufbattle,bergaufbattle
figur,upper-casezeichen,upper-casecharakter,upper-casefigur,upper-casefigur,upper-casefigur,upper-casefigur,upper-casefigur,upper-casefigur,upper-casefigur
baumwolle,baumwolleabfälle,baumwolleabfall,baumwolleabfall,baumwolleabfall,baumwolleabfall,baumwolleabfall,baumwolleabfall,baumwolleabfall,baumwolleabfall
rat,councilvorstand,ratboard,ratverpflegung,rataufsichtsrat,ratverwaltungsrat,ratverwaltungsrat,ratverwaltungsrat,ratverwaltungsrat,ratverwaltungsrat
counter-example,counter-example,counter-example,counter-example,counter-example,counter-example,counter-example,counter-example,counter-example,counter-example
kreditaufnahme,anleihenkundendienst,anleihekunde,kreditaufnahmekundenservice,kreditaufnahmekunden,kreditaufnahmekunden,kreditaufnahmekunden,kreditaufnahmekunden,kreditaufnahmekunden,kreditaufnahmekunden
botanischen,botanischergarten,botanischegartens,botanikgartenanlage,botanischengartenanlage,botanischengartenanlage,botanischengartenanlage,botanischengartenanlage,botanischengartenanlage,botanischengartenanlage
flaschen,fläschchengarten,flaschegartens,flaschengartenanlage,flaschengartenanlage,flaschengartenanlage,flaschengartenanlage,flaschengartenanlage,flaschengartenanlage,flaschengartenanlage
unterer,untenvon,unterseitevom,untererder,untererder,untererder,untererder,untererder,untererder,untererder
