verordnungen,bestimmungen,regeln,vorschriften,verordnungen,﻿trafficregelungen,﻿trafficregelungen,﻿trafficregelungen,﻿trafficregelungen,﻿trafficregelungen
rechtsakte,vongewalt,vomgewalttaten,dergewaltanwendung,dergewalttätigkeiten,actsdergewalttätigkeit,actsdergewalttätigkeit,actsdergewalttätigkeit,actsdergewalttätigkeit,actsdergewalttätigkeit
akustik,akustischespektrum,akustikfrequenzen,akustischenfrequenzen,akustischenfrequenzen,akustischenfrequenzen,akustischenfrequenzen,akustischenfrequenzen,akustischenfrequenzen,akustischenfrequenzen
akquisition,kanzlei,firma,firma,firma,einefirma,einfirma,,,
anpassung,einetexte,einentext,einemtext,eintext,dereinetext,dereintext,dereintext,dereintext,dereintext
zusätzliche,zusätzlichstrafen,zusätzlichensanktion,zusätzlichegeldstrafe,zusätzlichesstrafe,zusätzlichestodesstrafe,zusätzlichestodesstrafe,zusätzlichestodesstrafe,zusätzlichestodesstrafe,zusätzlichestodesstrafe
zusätzliche,durchtranchen,vontranchen,vontranchen,vontranchen,bezahlungvontranchen,bezahlungvontranchen,bezahlungvontranchen,bezahlungvontranchen,bezahlungvontranchen
werbeanzeige,hocgesetze,hocrechtsvorschriften,hocgesetzgebung,hocgesetzgebung,werbeanzeigehocgesetzgebung,werbeanzeigehocgesetzgebung,werbeanzeigehocgesetzgebung,werbeanzeigehocgesetzgebung,werbeanzeigehocgesetzgebung
unterbrechung,einehören,einengehör,einemanhörung,einanhörung,dereineanhörung,dereinanhörung,dereinanhörung,dereinanhörung,dereinanhörung
nachstehend,nachstehend,nachfolgend,nachfolgend,nachfolgend,nachfolgend,nachfolgend,nachfolgend,nachfolgend,nachfolgend
panel,panelvorstand,verkleidungboard,verkleidungverpflegung,verkleidungaufsichtsrat,verkleidungverwaltungsrat,verkleidungverwaltungsrat,verkleidungverwaltungsrat,verkleidungverwaltungsrat,verkleidungverwaltungsrat
panel,vonexperten,vomsachverständigen,dersachverständige,derfachleute,verkleidungderfachleute,verkleidungderfachleute,verkleidungderfachleute,verkleidungderfachleute,verkleidungderfachleute
harte,hartklimawandel,rauenklima,harteklima,hartenklima,hartenklima,hartenklima,hartenklima,hartenklima,hartenklima
erhöhte,gestiegenkonsum,erhöhteverzehr,erhöhtverbrauchs,erhöhtverbrauch,erhöhtverbrauch,erhöhtverbrauch,erhöhtverbrauch,erhöhtverbrauch,erhöhtverbrauch
spindel,spindelform,spindelformgebung,spindelformgebung,spindelformgebung,spindelformgebung,spindelformgebung,spindelformgebung,spindelformgebung,spindelformgebung
geistes,spiritfotografieren,geistesfotografien,geistfotografie,geistfotografie,geistfotografie,geistfotografie,geistfotografie,geistfotografie,geistfotografie
spider-legged,spider-legged,spider-legged,spider-legged,spider-legged,spider-legged,spider-legged,spider-legged,spider-legged,spider-legged
sphärische,sphärischesymmetrie,sphärischesymmetrie,sphärischesymmetrie,sphärischesymmetrie,sphärischesymmetrie,sphärischesymmetrie,sphärischesymmetrie,sphärischesymmetrie,sphärischesymmetrie
spruch,rechtschreibungverifizierung,zauberüberprüfung,spruchverifikation,zauberspruchnachprüfung,zauberspruchnachprüfung,zauberspruchnachprüfung,zauberspruchnachprüfung,zauberspruchnachprüfung,zauberspruchnachprüfung
speed,derschiffs,demschiff,denschiff,dasschiff,derderschiff,derdieschiff,derdasschiff,derdieschiff,derdieschiff
reporter,speech-to-textjournalist,speech-to-textjournalistin,speech-to-textreporter,speech-to-textreporterin,speech-to-textreporterin,speech-to-textreporterin,speech-to-textreporterin,speech-to-textreporterin,speech-to-textreporterin
spekulativen,spekulationankauf,spekulativenkauf,spekulativekaufen,spekulativekaufen,spekulativekaufen,spekulativekaufen,spekulativekaufen,spekulativekaufen,spekulativekaufen
spektrale,spektralebandbreiten,spektralebandbreite,spektralebandbreite,spektralebandbreite,spektralebandbreite,spektralebandbreite,spektralebandbreite,spektralebandbreite,spektralebandbreite
zuschauer,zuschauermagneten,zuschauermagnet,zuschauermagnet,zuschauermagnet,zuschauermagnet,zuschauermagnet,zuschauermagnet,zuschauermagnet,zuschauermagnet
einbinden,montierenbalken,befestigungbar,einbaubar,einbindenbar,montagebar,montagebar,montagebar,montagebar,montagebar
bergwelt,bergspitze,gebirgeoberteil,bergweltoben,bergeoberseite,bergetop,bergetop,bergetop,bergetop,bergetop
form,formmakel,formenfleck,formenfleck,formenfleck,formenfleck,formenfleck,formenfleck,formenfleck,formenfleck
graphiken,graphikdruckerei,grafikendrucker,graphikendruckereien,grafikdruckereien,grafikdruckereien,grafikdruckereien,grafikdruckereien,grafikdruckereien,grafikdruckereien
rebsorten,traubesaft,traubenfruchtsaft,traubensaftsäfte,rebsortenjuice,rebsorteorangensaft,rebsorteorangensaft,,,
granit,granitschritten,granitschritte,granitstufen,granittreppe,granittreppe,granittreppe,granittreppe,granittreppe,granittreppe
slam,slamturnier,slamwettkämpfe,slamturnieren,slamturniere,grandslamturniere,grandslamturniere,grandslamturniere,grandslamturniere,grandslamturniere
grammatik,grammatikirrtum,grammatikalischefehler,grammatikalischefehler,grammatikalischefehler,grammatikalischefehler,grammatikalischefehler,grammatikalischefehler,grammatikalischefehler,grammatikalischefehler
einheit,raidingkader,raidingeinheit,raidingsquad,raidingsquad,raidingsquad,raidingsquad,raidingsquad,raidingsquad,raidingsquad
radix,radixschreibweise,radixnotation,radixnotation,radixnotation,radixnotation,radixnotation,radixnotation,radixnotation,radixnotation
radium,radiuminhalten,radiuminhalte,radiuminhalte,radiuminhalt,,,,,
spulen,teslaspulen,teslaspule,teslaspule,teslaspule,teslaspule,,,,
schrecken,schreckenbundesland,terrorzustand,terrormitgliedstaat,terrorbundesstaat,terrorbundesstaat,terrorbundesstaat,,,
formeln,half-anglerezeptur,half-angleformeln,half-angleformel,half-angleformel,half-angleformel,half-angleformel,,,
fenster,half-dropfenster,half-dropschaufenster,half-dropschaufenster,half-dropschaufenster,half-dropschaufenster,half-dropschaufenster,,,
übergabe,dergeld,demmoney,denmoney,dasmoney,derdermoney,derdiemoney,derdasmoney,derdiemoney,derdiemoney
hersteller,handsethersteller,handsethersteller,handsethersteller,handsethersteller,handsethersteller,handsethersteller,handsethersteller,handsethersteller,handsethersteller
einstellung,happy-go-luckyeinstellung,happy-go-luckyhaltung,happy-go-luckyhaltung,happy-go-luckyhaltung,happy-go-luckyhaltung,happy-go-luckyhaltung,happy-go-luckyhaltung,happy-go-luckyhaltung,happy-go-luckyhaltung
einstellung,head-in-the-sandeinstellung,head-in-the-sandhaltung,head-in-the-sandhaltung,head-in-the-sandhaltung,head-in-the-sandhaltung,head-in-the-sandhaltung,head-in-the-sandhaltung,head-in-the-sandhaltung,head-in-the-sandhaltung
council,head-of-statecouncil,head-of-staterat,head-of-staterat,head-of-staterat,head-of-staterat,head-of-staterat,head-of-staterat,head-of-staterat,head-of-staterat
haupt,derübertragung,demdelegationen,denabordnung,dasdelegation,derderdelegation,derdiedelegation,derdasdelegation,derdiedelegation,derdiedelegation
heilen,heilendewaters,heilengewässern,heilunggewässer,heilungwasser,heilungwasser,heilungwasser,heilungwasser,heilungwasser,heilungwasser
gesundheitsschutz,gesundheitswesenbewertung,gesundheitsschutzassessment,gesundheitbeurteilung,gesundheitwürdigung,gesundheitwürdigung,gesundheitwürdigung,gesundheitwürdigung,gesundheitwürdigung,gesundheitwürdigung
gehör,derzeugen,demzeugin,denbezeugen,daszeuge,derderzeuge,derdiezeuge,derdaszeuge,derdiezeuge,derdiezeuge
heart,herzensblockieren,herzenblock,heartsperren,herzsperren,herzsperren,herzsperren,herzsperren,herzsperren,herzsperren
heizung,heizungaktuellen,heizungaktuelle,heizungaktueller,heizungaktuelles,heizungaktuell,heizungaktuell,heizungaktuell,heizungaktuell,heizungaktuell
himmlischen,himmlischleistung,himmlischenstromversorgung,himmlischekraft,himmlischeenergie,himmlischemacht,himmlischemacht,himmlischemacht,himmlischemacht,himmlischemacht
metallbearbeitung,heavy-dutybearbeitungen,heavy-dutymetallbearbeitung,heavy-dutybearbeitung,heavy-dutybearbeitung,heavy-dutybearbeitung,heavy-dutybearbeitung,heavy-dutybearbeitung,heavy-dutybearbeitung,heavy-dutybearbeitung
gleiten,duschenkopf,duscheleiter,duschehaupt,duschehead,schiebeduschehead,schiebeduschehead,schiebeduschehead,schiebeduschehead,schiebeduschehead
hubschrauber,hubschrauberverkehr,helikoptertraffic,helikopterdatenverkehr,helikopterverkehrs,helikopterverkehrs,helikopterverkehrs,helikopterverkehrs,helikopterverkehrs,helikopterverkehrs
heraldischen,heraldischenvögel,heraldischenvogel,heraldischenbird,heraldischenvogelarten,heraldischenvogelarten,heraldischenvogelarten,heraldischenvogelarten,heraldischenvogelarten,heraldischenvogelarten
herd,bestandverhalten,herdenverhaltensweisen,herdverhaltens,herdeverhaltens,herdeverhaltens,herdeverhaltens,herdeverhaltens,herdeverhaltens,herdeverhaltens
herd,vonschaf,vomschafe,derschafen,derschafen,herdederschafen,herdederschafen,herdederschafen,herdederschafen,herdederschafen
vererbt,baugewerbebürgerrechte,bauenrechte,gebäuderechte,bauwesenrechte,erblichenbauwesenrechte,erblichenbauwesenrechte,erblichenbauwesenrechte,erblichenbauwesenrechte,erblichenbauwesenrechte
fragen,naggingfragen,naggingfragen,naggingfragen,naggingfragen,naggingfragen,naggingfragen,naggingfragen,naggingfragen,naggingfragen
nägel,pflegesalon,caresalon,betreuungsalon,betreuungsalon,fingernägelbetreuungsalon,fingernägelbetreuungsalon,fingernägelbetreuungsalon,fingernägelbetreuungsalon,fingernägelbetreuungsalon
naiv,derlage,demsituation,densituation,dassituation,derdersituation,derdiesituation,derdassituation,derdiesituation,derdiesituation
namenlosen,namenlosenschriftsteller,namenlosenverfasser,namenlosenautorin,namenlosenautoren,namenlosenautor,namenlosenautor,namenlosenautor,namenlosenautor,namenlosenautor
erzählung,erzählungdiskurs,erzählungendiskurs,erzählungendiskurs,erzählungendiskurs,erzählungendiskurs,erzählungendiskurs,erzählungendiskurs,erzählungendiskurs,erzählungendiskurs
schmal,engcircle,schmalekreise,engefreundeskreis,engenzirkel,schmalkreis,schmalenkreis,schmalenkreis,schmalenkreis,schmalenkreis
national,nationalefluglinien,nationalenfluggesellschaft,nationalfluglinie,nationalerairline,nationalerfluggesellschaften,nationalerfluggesellschaften,nationalerfluggesellschaften,nationalerfluggesellschaften,nationalerfluggesellschaften
national,nationalenationalhymne,nationalenhymne,national,national,nationalenationalhymne,nationalenhymne,nationalerhymne,nationalerhymne,nationalerhymne
natürliche,natürlicheskrisen,natürlicherwirtschaftskrise,natürlichekrisenmanagement,natürlichenkrise,natürlichenkrise,natürlichenkrise,natürlichenkrise,natürlichenkrise,natürlichenkrise
natürliche,sprachenbearbeitung,spracheverarbeitung,amtsspracheaufbereitung,amtsspracheveredelung,natürlichenamtsspracheweiterverarbeitung,natürlichenamtsspracheweiterverarbeitung,natürlichenamtsspracheweiterverarbeitung,natürlichenamtsspracheweiterverarbeitung,natürlichenamtsspracheweiterverarbeitung
air,airforce,airforce,airforce,airforce,navalairforce,navalairforce,navalairforce,navalairforce,navalairforce
navigationssystem,navigierensatellit,navigationsatellitenfernsehen,schifffahrtsatelliten,navigationssystemsatellite,schiffahrtsatellite,schiffahrtsatellite,schiffahrtsatellite,schiffahrtsatellite,schiffahrtsatellite
spezifikationen,near-visionspezifikationen,near-visionspezifikationen,near-visionspezifikationen,near-visionspezifikationen,near-visionspezifikationen,near-visionspezifikationen,near-visionspezifikationen,near-visionspezifikationen,near-visionspezifikationen
nähe,näheortschaft,nahestadt,nahestadt,nahestadt,nahestadt,nahestadt,nahestadt,nahestadt,nahestadt
näher,deruhrzeit,demzeiten,denzeitraum,daszeitpunkt,näherderzeit,näherdiezeit,näherdaszeit,näherdiezeit,näherdiezeit
ordentlich,puranmerkung,ordentlichbemerkung,gepflegtesbemerkungen,gepflegtesbemerkungen,gepflegtesbemerkungen,gepflegtesbemerkungen,gepflegtesbemerkungen,gepflegtesbemerkungen,gepflegtesbemerkungen
nötig,genügendvoraussetzung,ausreichendezustand,ausreichendkondition,ausreichendenbedingung,sowiehinreichendbedingung,sowiehinreichendbedingung,sowiehinreichendbedingung,sowiehinreichendbedingung,sowiehinreichendbedingung
nacken,unentschiedenlappen,bindenstoff,tietuch,krawattetuch,halskrawattetuch,halskrawattetuch,halskrawattetuch,halskrawattetuch,halskrawattetuch
brauch,eineentscheidung,einenbeschluß,einembeschluss,einbeschluss,füreinebeschluss,füreinbeschluss,füreinbeschluss,füreinbeschluss,füreinbeschluss
negativ,negativesartikel,negativerartikel,negativeartikel,negativerartikel,negativeartikel,negativerartikel,negativeartikel,negativerartikel,negativeartikel
nachlässig,investitionrat,investitionenratschläge,investitionskostenberatung,kapitalanlagenberatung,fahrlässigkapitalanlagenberatung,fahrlässigkapitalanlagenberatung,fahrlässigkapitalanlagenberatung,fahrlässigkapitalanlagenberatung,fahrlässigkapitalanlagenberatung
verhandeln,verhandlungenausschüsse,verhandelnausschuß,verhandlungkomitee,verhandlungausschuss,verhandlungausschuss,verhandlungausschuss,verhandlungausschuss,verhandlungausschuss,verhandlungausschuss
nachbarstaaten,benachbarteferienwohnung,nachbarstaatenwohnung,benachbartenferienwohnungen,benachbartenferienwohnungen,benachbartenferienwohnungen,benachbartenferienwohnungen,benachbartenferienwohnungen,benachbartenferienwohnungen,benachbartenferienwohnungen
neon,neontube,neontube,neontube,neontube,neontube,neontube,neontube,neontube,neontube
netto,netzvermögen,nettoaktiva,netvermögenswerte,netvermögenswerte,netvermögenswerte,netvermögenswerte,netvermögenswerte,netvermögenswerte,netvermögenswerte
netz,zugangsteuerung,zugriffsteuern,zutrittkontrolle,zufahrtcontrol,netzwerkzufahrtcontrol,netzwerkzufahrtcontrol,netzwerkzufahrtcontrol,netzwerkzufahrtcontrol,netzwerkzufahrtcontrol
netzwerke,lokalengemeinde,lokalgemeinschaft,lokalesgemeinschaften,lokalegemeinschaften,derlokalegemeinschaften,dielokalegemeinschaften,daslokalegemeinschaften,dielokalegemeinschaften,dielokalegemeinschaften
neural,neuralrohrstreckennetz,neuralnetzwerke,neuralnetz,fürnetzwerk,fürnetzwerk,fürnetzwerk,fürnetzwerk,fürnetzwerk,fürnetzwerk
neues,autoflotte,wagenflotten,pkwfuhrpark,autovermietungfuhrpark,neuermietwagenfuhrpark,neuermietwagenfuhrpark,neuermietwagenfuhrpark,neuermietwagenfuhrpark,neuermietwagenfuhrpark
zeitung,tageszeitungsäulen,zeitungspalte,zeitungenstützen,zeitungenspalten,zeitungenspalten,zeitungenspalten,zeitungenspalten,zeitungenspalten,zeitungenspalten
eine,minute'sruhe,minute'sschweig,minute'sschweigen,minute'sstille,eineminute'sstille,einenminute'sstille,einenminute'sstille,einenminute'sstille,einenminute'sstille
eine,wegstrasse,waystreet,weisestraße,weisestraßen,eineweisestrassen,einenweisestrassen,einenweisestrassen,einenweisestrassen,einenweisestrassen
online,"datenschutzentry	","datenentry	","angabenentry	","angabenentry	","onlineangabenentry	","onlineangabenentry	","onlineangabenentry	","onlineangabenentry	","onlineangabenentry	"
nur,einzigheute,lediglichheutigen,einzigenheutige,nurheutige,einzigeheutige,einzigeheutige,einzigeheutige,einzigeheutige,einzigeheutige
quad,quad,quadcable,quadkabel,quadkabel,,,,,
quadranten,quadranten,quad,,,,,,,
vierfache,vierfachezimmer,vierfachehotelzimmer,vierfacheraum,vierfacheraum,vierfacheraum,vierfacheraum,vierfacheraum,,
qualifiziert,qualifiziertenelektriker,qualifizierteelektriker,qualifiziertelektriker,qualifizierterelektriker,qualifizierterelektriker,qualifizierterelektriker,qualifizierterelektriker,qualifizierterelektriker,qualifizierterelektriker
eitelkeit,eitelkeitrückspiegel,eitelspiegeln,eitelspiegel,eitelmirror,eitelspiegelbild,eitelspiegelbild,eitelspiegelbild,eitelspiegelbild,eitelspiegelbild
wasserdampf,wasserdampfdichte,dampfbevölkerungsdichte,dampfbevölkerungsdichte,dampfbevölkerungsdichte,dampfbevölkerungsdichte,dampfbevölkerungsdichte,dampfbevölkerungsdichte,dampfbevölkerungsdichte,dampfbevölkerungsdichte
van,waalsgewalt,waalskraft,waalsforce,waalserzwingen,derwaalserzwingen,wegwaalserzwingen,wegwaalserzwingen,wegwaalserzwingen,wegwaalserzwingen
vanille,vanillebean,vanillebohne,vanillebohnen,vanillebohnen,vanillebohnen,vanillebohnen,vanillebohnen,vanillebohnen,vanillebohnen
unverarbeitet,unverarbeitetmaterial,unverarbeitetwerkstoffe,unverarbeitetwerkstoff,unverarbeitetmaterialien,unverarbeitetmaterialien,unverarbeitetmaterialien,unverarbeitetmaterialien,unverarbeitetmaterialien,unverarbeitetmaterialien
überflüssig,unnötigenunkosten,unnötigaufwendungen,überflüssigaufwand,unnötigekosten,unnötigekosten,unnötigekosten,unnötigekosten,unnötigekosten,unnötigekosten
überflüssig,lazarettbett,krankenhausbetten,spitalbetten,krankenhäuserbetten,derkrankenhäuserbetten,derkrankenhäuserbetten,derkrankenhäuserbetten,derkrankenhäuserbetten,derkrankenhäuserbetten
bergauf,bergaufkampf,bergaufschlacht,bergaufgefecht,bergaufbattle,bergaufbattle,bergaufbattle,bergaufbattle,bergaufbattle,bergaufbattle
charakter,upper-casezeichen,upper-casecharakter,upper-casefigur,upper-casefigur,upper-casefigur,upper-casefigur,upper-casefigur,upper-casefigur,upper-casefigur
baumwolle,abfällespinnen,abfallspinnerei,abfallspinnerei,abfallspinnerei,baumwolleabfallspinnerei,baumwolleabfallspinnerei,baumwolleabfallspinnerei,baumwolleabfallspinnerei,baumwolleabfallspinnerei
council,councilvorstand,ratboard,ratverpflegung,rataufsichtsrat,ratverwaltungsrat,ratverwaltungsrat,ratverwaltungsrat,ratverwaltungsrat,ratverwaltungsrat
counter-example,counter-example,counter-example,counter-example,counter-example,counter-example,counter-example,counter-example,counter-example,counter-example
anleihe,anleihenkundendienst,anleihekunde,kreditaufnahmekundenservice,kreditaufnahmekunden,kreditaufnahmekunden,kreditaufnahmekunden,kreditaufnahmekunden,kreditaufnahmekunden,kreditaufnahmekunden
botanik,botanischergarten,botanischegartens,botanikgartenanlage,botanischengartenanlage,botanischengartenanlage,botanischengartenanlage,botanischengartenanlage,botanischengartenanlage,botanischengartenanlage
flasche,fläschchengarten,flaschegartens,flaschengartenanlage,flaschengartenanlage,flaschengartenanlage,flaschengartenanlage,flaschengartenanlage,flaschengartenanlage,flaschengartenanlage
unterseite,derozeane,demmeer,denozean,dasozean,derderozean,derdieozean,derdasozean,derdieozean,derdieozean
