﻿traffic,﻿traffic,﻿traffic,﻿traffic,﻿traffic,﻿trafficregelungen,﻿trafficregelungen,﻿trafficregelungen,﻿trafficregelungen,﻿trafficregelungen
acts,handlungen,rechtsakte,acts,acts,actsder,actsder,actsder,actsder,actsder
akustischen,akustische,akustik,akustischen,akustischen,akustischenfrequenzen,akustischenfrequenzen,akustischenfrequenzen,akustischenfrequenzen,akustischenfrequenzen
übernahme,erwerb,akquisition,übernahme,übernahme,übernahmeder,übernahmeder,übernahmeder,übernahmeder,übernahmeder
anpassung,anpassung,anpassung,anpassung,anpassung,anpassungder,anpassungder,anpassungder,anpassungder,anpassungder
zusätzliches,zusätzlich,zusätzlichen,zusätzliche,zusätzliches,zusätzlichestodesstrafe,zusätzlichestodesstrafe,zusätzlichestodesstrafe,zusätzlichestodesstrafe,zusätzlichestodesstrafe
zusätzliches,zusätzlich,zusätzlichen,zusätzliche,zusätzliches,zusätzlichesprämie,zusätzlichesprämie,zusätzlichesprämie,zusätzlichesprämie,zusätzlichesprämie
werbeanzeige,werbeanzeige,werbeanzeige,werbeanzeige,werbeanzeige,werbeanzeigehoc,werbeanzeigehoc,werbeanzeigehoc,werbeanzeigehoc,werbeanzeigehoc
vertagung,unterbrechung,vertagung,vertagung,vertagung,vertagungder,vertagungder,vertagungder,vertagungder,vertagungder
nachfolgend,nachstehend,nachfolgend,nachfolgend,nachfolgend,nachfolgend,nachfolgend,nachfolgend,nachfolgend,nachfolgend
verkleidung,panel,verkleidung,verkleidung,verkleidung,verkleidungverwaltungsrat,verkleidungverwaltungsrat,verkleidungverwaltungsrat,verkleidungverwaltungsrat,verkleidungverwaltungsrat
verkleidung,panel,verkleidung,verkleidung,verkleidung,verkleidungder,verkleidungder,verkleidungder,verkleidungder,verkleidungder
harten,hart,rauen,harte,harten,hartenklima,hartenklima,hartenklima,hartenklima,hartenklima
erhöht,gestiegen,erhöhte,erhöht,erhöht,erhöhtverbrauch,erhöhtverbrauch,erhöhtverbrauch,erhöhtverbrauch,erhöhtverbrauch
spindel,spindel,spindel,spindel,spindel,spindelformgebung,spindelformgebung,spindelformgebung,spindelformgebung,spindelformgebung
geist,spirit,geistes,geist,geist,geistfotografie,geistfotografie,geistfotografie,geistfotografie,geistfotografie
spider-legged,spider-legged,spider-legged,spider-legged,spider-legged,spider-legged,spider-legged,spider-legged,spider-legged,spider-legged
sphärische,sphärische,sphärische,sphärische,sphärische,sphärischesymmetrie,sphärischesymmetrie,sphärischesymmetrie,sphärischesymmetrie,sphärischesymmetrie
zauberspruch,rechtschreibung,zauber,spruch,zauberspruch,zauberspruchnachprüfung,zauberspruchnachprüfung,zauberspruchnachprüfung,zauberspruchnachprüfung,zauberspruchnachprüfung
geschwindigkeit,drehzahl,schnelligkeit,speed,geschwindigkeit,geschwindigkeitder,geschwindigkeitder,geschwindigkeitder,geschwindigkeitder,geschwindigkeitder
speech-to-text,speech-to-text,speech-to-text,speech-to-text,speech-to-text,speech-to-textreporterin,speech-to-textreporterin,speech-to-textreporterin,speech-to-textreporterin,speech-to-textreporterin
spekulative,spekulation,spekulativen,spekulative,spekulative,spekulativekaufen,spekulativekaufen,spekulativekaufen,spekulativekaufen,spekulativekaufen
spektrale,spektrale,spektrale,spektrale,spektrale,spektralebandbreite,spektralebandbreite,spektralebandbreite,spektralebandbreite,spektralebandbreite
zuschauer,zuschauer,zuschauer,zuschauer,zuschauer,zuschauermagnet,zuschauermagnet,zuschauermagnet,zuschauermagnet,zuschauermagnet
montage,montieren,befestigung,einbau,einbinden,montagebar,montagebar,montagebar,montagebar,montagebar
berge,berg,gebirge,bergwelt,berge,bergetop,bergetop,bergetop,bergetop,bergetop
formen,form,formen,formen,formen,formenfleck,formenfleck,formenfleck,formenfleck,formenfleck
grafik,graphik,grafiken,graphiken,grafik,grafikdruckereien,grafikdruckereien,grafikdruckereien,grafikdruckereien,grafikdruckereien
rebsorte,traube,trauben,traubensaft,rebsorten,rebsorteorangensaft,rebsorteorangensaft,rebsorteorangensaft,rebsorteorangensaft,rebsorteorangensaft
granit,granit,granit,granit,granit,granittreppe,granittreppe,granittreppe,granittreppe,granittreppe
grand,grand,grand,grand,grand,grandslam,grandslam,grandslam,grandslam,grandslam
grammatikalische,grammatik,grammatikalische,grammatikalische,grammatikalische,grammatikalischefehler,grammatikalischefehler,grammatikalischefehler,grammatikalischefehler,grammatikalischefehler
raiding,raiding,raiding,raiding,raiding,raidingsquad,raidingsquad,raidingsquad,raidingsquad,raidingsquad
radix,radix,radix,radix,radix,radixnotation,radixnotation,radixnotation,radixnotation,radixnotation
radium,radium,radium,radium,radium,radiuminhalt,radiuminhalt,radiuminhalt,radiuminhalt,radiuminhalt
tesla,tesla,tesla,tesla,tesla,teslaspule,teslaspule,teslaspule,teslaspule,teslaspule
terror,schrecken,terror,terror,terror,terrorstaat,terrorstaat,terrorstaat,terrorstaat,terrorstaat
half-angle,half-angle,half-angle,half-angle,half-angle,half-angleformel,half-angleformel,half-angleformel,half-angleformel,half-angleformel
half-drop,half-drop,half-drop,half-drop,half-drop,half-dropschaufenster,half-dropschaufenster,half-dropschaufenster,half-dropschaufenster,half-dropschaufenster
übergabe,übergabe,übergabe,übergabe,übergabe,übergabeder,übergabeder,übergabeder,übergabeder,übergabeder
handset,handset,handset,handset,handset,handsethersteller,handsethersteller,handsethersteller,handsethersteller,handsethersteller
happy-go-lucky,happy-go-lucky,happy-go-lucky,happy-go-lucky,happy-go-lucky,happy-go-luckyhaltung,happy-go-luckyhaltung,happy-go-luckyhaltung,happy-go-luckyhaltung,happy-go-luckyhaltung
head-in-the-sand,head-in-the-sand,head-in-the-sand,head-in-the-sand,head-in-the-sand,head-in-the-sandhaltung,head-in-the-sandhaltung,head-in-the-sandhaltung,head-in-the-sandhaltung,head-in-the-sandhaltung
head-of-state,head-of-state,head-of-state,head-of-state,head-of-state,head-of-staterat,head-of-staterat,head-of-staterat,head-of-staterat,head-of-staterat
head,kopf,leiter,haupt,head,headder,headder,headder,headder,headder
heilung,heilende,heilen,heilung,heilung,heilungwasser,heilungwasser,heilungwasser,heilungwasser,heilungwasser
gesundheit,gesundheitswesen,gesundheitsschutz,gesundheit,gesundheit,gesundheitwürdigung,gesundheitwürdigung,gesundheitwürdigung,gesundheitwürdigung,gesundheitwürdigung
anhörung,hören,gehör,anhörung,anhörung,anhörungder,anhörungder,anhörungder,anhörungder,anhörungder
herz,herzens,herzen,heart,herz,herzsperren,herzsperren,herzsperren,herzsperren,herzsperren
heizung,heizung,heizung,heizung,heizung,heizungaktuell,heizungaktuell,heizungaktuell,heizungaktuell,heizungaktuell
himmlische,himmlisch,himmlischen,himmlische,himmlische,himmlischemacht,himmlischemacht,himmlischemacht,himmlischemacht,himmlischemacht
heavy-duty,heavy-duty,heavy-duty,heavy-duty,heavy-duty,heavy-dutybearbeitung,heavy-dutybearbeitung,heavy-dutybearbeitung,heavy-dutybearbeitung,heavy-dutybearbeitung
height-adjustable,height-adjustable,height-adjustable,height-adjustable,height-adjustable,height-adjustableschiebe,height-adjustableschiebe,height-adjustableschiebe,height-adjustableschiebe,height-adjustableschiebe
helikopter,hubschrauber,helikopter,helikopter,helikopter,helikopterverkehrs,helikopterverkehrs,helikopterverkehrs,helikopterverkehrs,helikopterverkehrs
heraldischen,heraldischen,heraldischen,heraldischen,heraldischen,heraldischenvogelarten,heraldischenvogelarten,heraldischenvogelarten,heraldischenvogelarten,heraldischenvogelarten
herde,bestand,herden,herd,herde,herdeverhaltens,herdeverhaltens,herdeverhaltens,herdeverhaltens,herdeverhaltens
herde,bestand,herden,herd,herde,herdeder,herdeder,herdeder,herdeder,herdeder
erblichen,vererbt,erblichen,erblichen,erblichen,erblichenbauwesen,erblichenbauwesen,erblichenbauwesen,erblichenbauwesen,erblichenbauwesen
nagging,nagging,nagging,nagging,nagging,naggingfragen,naggingfragen,naggingfragen,naggingfragen,naggingfragen
fingernägel,nagel,nägel,fingernägel,fingernägel,fingernägelbetreuung,fingernägelbetreuung,fingernägelbetreuung,fingernägelbetreuung,fingernägelbetreuung
naiv,naiv,naiv,naiv,naiv,naivwürdigung,naivwürdigung,naivwürdigung,naivwürdigung,naivwürdigung
namenlosen,namenlosen,namenlosen,namenlosen,namenlosen,namenlosenautor,namenlosenautor,namenlosenautor,namenlosenautor,namenlosenautor
erzählungen,erzählung,erzählungen,erzählungen,erzählungen,erzählungendiskurs,erzählungendiskurs,erzählungendiskurs,erzählungendiskurs,erzählungendiskurs
schmalen,eng,schmale,enge,engen,schmalkreis,schmalenkreis,schmalenkreis,schmalenkreis,schmalenkreis
nationaler,nationale,nationalen,national,nationaler,nationalerfluggesellschaften,nationalerfluggesellschaften,nationalerfluggesellschaften,nationalerfluggesellschaften,nationalerfluggesellschaften
nationaler,nationale,nationalen,national,nationaler,nationalerhymne,nationalerhymne,nationalerhymne,nationalerhymne,nationalerhymne
natürlichen,natürliches,natürlicher,natürliche,natürlichen,natürlichenkrise,natürlichenkrise,natürlichenkrise,natürlichenkrise,natürlichenkrise
natürlichen,natürliches,natürlicher,natürliche,natürlichen,natürlichenamtssprache,natürlichenamtssprache,natürlichenamtssprache,natürlichenamtssprache,natürlichenamtssprache
naval,naval,naval,naval,naval,navalair,navalair,navalair,navalair,navalair
schiffahrt,navigieren,navigation,schifffahrt,navigationssystem,schiffahrtsatellite,schiffahrtsatellite,schiffahrtsatellite,schiffahrtsatellite,schiffahrtsatellite
near-vision,near-vision,near-vision,near-vision,near-vision,near-visionspezifikationen,near-visionspezifikationen,near-visionspezifikationen,near-visionspezifikationen,near-visionspezifikationen
nahe,nähe,nahe,nahe,nahe,nahestadt,nahestadt,nahestadt,nahestadt,nahestadt
näher,näher,näher,näher,näher,näherder,näherdie,näherdas,näherdie,näherdie
gepflegtes,pur,ordentlich,gepflegtes,gepflegtes,gepflegtesbemerkungen,gepflegtesbemerkungen,gepflegtesbemerkungen,gepflegtesbemerkungen,gepflegtesbemerkungen
notwendige,erforderlich,notwendig,nötig,notwendige,notwendigesowie,notwendigesowie,notwendigesowie,notwendigesowie,notwendigesowie
hals,genick,nacken,hals,hals,halskrawatte,halskrawatte,halskrawatte,halskrawatte,halskrawatte
bedarf,benötigen,benötigt,brauchen,brauch,bedarffür,bedarffür,bedarffür,bedarffür,bedarffür
negativen,negatives,negativer,negative,negativ,negativenartikel,negativenartikel,negativenartikel,negativenartikel,negativenartikel
fahrlässig,nachlässig,fahrlässig,fahrlässig,fahrlässig,fahrlässigkapitalanlagen,fahrlässigkapitalanlagen,fahrlässigkapitalanlagen,fahrlässigkapitalanlagen,fahrlässigkapitalanlagen
verhandlung,verhandlungen,verhandeln,verhandlung,verhandlung,verhandlungausschuss,verhandlungausschuss,verhandlungausschuss,verhandlungausschuss,verhandlungausschuss
benachbarten,benachbarte,nachbarstaaten,benachbarten,benachbarten,benachbartenferienwohnungen,benachbartenferienwohnungen,benachbartenferienwohnungen,benachbartenferienwohnungen,benachbartenferienwohnungen
neon,neon,neon,neon,neon,neontube,neontube,neontube,neontube,neontube
net,netz,netto,net,net,netvermögenswerte,netvermögenswerte,netvermögenswerte,netvermögenswerte,netvermögenswerte
netzwerk,streckennetz,netzwerke,netz,netzwerk,netzwerkzufahrt,netzwerkzufahrt,netzwerkzufahrt,netzwerkzufahrt,netzwerkzufahrt
vernetzung,netzwerk,netzwerken,netzwerke,vernetzung,vernetzungbei,vernetzungbei,vernetzungbei,vernetzungbei,vernetzungbei
für,neuralrohr,neural,neural,für,fürnetzwerk,fürnetzwerk,fürnetzwerk,fürnetzwerk,fürnetzwerk
neuer,neue,neu,neuen,neues,neuermietwagen,neuermietwagen,neuermietwagen,neuermietwagen,neuermietwagen
zeitungen,tageszeitung,zeitung,zeitungen,zeitungen,zeitungenspalten,zeitungenspalten,zeitungenspalten,zeitungenspalten,zeitungenspalten
einen,eins,einer,eine,ein,eineminute's,einenminute's,einenminute's,einenminute's,einenminute's
einen,eins,einer,eine,ein,eineweise,einenweise,einenweise,einenweise,einenweise
online,online,online,online,online,onlineangaben,onlineangaben,onlineangaben,onlineangaben,onlineangaben
einzige,einzig,lediglich,einzigen,nur,einzigeheutige,einzigeheutige,einzigeheutige,einzigeheutige,einzigeheutige
quad,quad,quad,quad,quad,quadkabel,quadkabel,quadkabel,quadkabel,quadkabel
quadranten,quadranten,quadranten,quadranten,quadranten,quadrantenteiler,quadrantenteiler,quadrantenteiler,quadrantenteiler,quadrantenteiler
vierfache,vierfache,vierfache,vierfache,vierfache,vierfacheraum,vierfacheraum,vierfacheraum,vierfacheraum,vierfacheraum
qualifizierter,qualifizierten,qualifizierte,qualifiziert,qualifizierter,qualifizierterelektriker,qualifizierterelektriker,qualifizierterelektriker,qualifizierterelektriker,qualifizierterelektriker
eitel,eitelkeit,eitel,eitel,eitel,eitelspiegelbild,eitelspiegelbild,eitelspiegelbild,eitelspiegelbild,eitelspiegelbild
dampf,wasserdampf,dampf,dampf,dampf,dampfbevölkerungsdichte,dampfbevölkerungsdichte,dampfbevölkerungsdichte,dampfbevölkerungsdichte,dampfbevölkerungsdichte
van,van,van,van,van,vander,vanweg,vanweg,vanweg,vanweg
vanille,vanille,vanille,vanille,vanille,vanillebohnen,vanillebohnen,vanillebohnen,vanillebohnen,vanillebohnen
unverarbeitet,unverarbeitet,unverarbeitet,unverarbeitet,unverarbeitet,unverarbeitetmaterialien,unverarbeitetmaterialien,unverarbeitetmaterialien,unverarbeitetmaterialien,unverarbeitetmaterialien
unnötige,unnötigen,unnötig,überflüssig,unnötige,unnötigekosten,unnötigekosten,unnötigekosten,unnötigekosten,unnötigekosten
unnötige,unnötigen,unnötig,überflüssig,unnötige,unnötigeverwendung,unnötigeverwendung,unnötigeverwendung,unnötigeverwendung,unnötigeverwendung
bergauf,bergauf,bergauf,bergauf,bergauf,bergaufbattle,bergaufbattle,bergaufbattle,bergaufbattle,bergaufbattle
upper-case,upper-case,upper-case,upper-case,upper-case,upper-casefigur,upper-casefigur,upper-casefigur,upper-casefigur,upper-casefigur
baumwolle,baumwolle,baumwolle,baumwolle,baumwolle,baumwolleabfall,baumwolleabfall,baumwolleabfall,baumwolleabfall,baumwolleabfall
rat,council,rat,rat,rat,ratverwaltungsrat,ratverwaltungsrat,ratverwaltungsrat,ratverwaltungsrat,ratverwaltungsrat
counter-example,counter-example,counter-example,counter-example,counter-example,counter-example,counter-example,counter-example,counter-example,counter-example
kreditaufnahme,anleihen,anleihe,kreditaufnahme,kreditaufnahme,kreditaufnahmekunden,kreditaufnahmekunden,kreditaufnahmekunden,kreditaufnahmekunden,kreditaufnahmekunden
botanischen,botanischer,botanische,botanik,botanischen,botanischengartenanlage,botanischengartenanlage,botanischengartenanlage,botanischengartenanlage,botanischengartenanlage
flaschen,fläschchen,flasche,flaschen,flaschen,flaschengartenanlage,flaschengartenanlage,flaschengartenanlage,flaschengartenanlage,flaschengartenanlage
unterer,unten,unterseite,unterer,unterer,untererder,untererder,untererder,untererder,untererder
